{
  "IcoMoonType": "selection",
  "icons": [
    {
      "icon": {
        "paths": [
          "M0 328.64l512 512 512-512-145.248-145.28-366.752 366.752-366.72-366.752-145.28 145.28zM0 328.64z"
        ],
        "attrs": [
          {}
        ],
        "isMulticolor": false,
        "isMulticolor2": false,
        "grid": 0,
        "tags": [
          "arrow-bottom"
        ]
      },
      "attrs": [
        {}
      ],
      "properties": {
        "order": 90,
        "id": 13,
        "name": "arrow-bottom",
        "prevSize": 16,
        "code": 59688
      },
      "setIdx": 0,
      "setId": 7,
      "iconIdx": 0
    },
    {
      "icon": {
        "paths": [
          "M695.36 0l-512 512 512 512 145.248-145.248-366.752-366.752 366.784-366.72-145.28-145.28zM695.36 0z"
        ],
        "attrs": [
          {}
        ],
        "isMulticolor": false,
        "isMulticolor2": false,
        "grid": 0,
        "tags": [
          "arrow-left"
        ]
      },
      "attrs": [
        {}
      ],
      "properties": {
        "order": 89,
        "id": 12,
        "name": "arrow-left",
        "prevSize": 16,
        "code": 59689
      },
      "setIdx": 0,
      "setId": 7,
      "iconIdx": 1
    },
    {
      "icon": {
        "paths": [
          "M183.36 145.28l366.752 366.72-366.752 366.752 145.28 145.248 512-512-512-512-145.28 145.28zM328.64 0z"
        ],
        "attrs": [
          {}
        ],
        "isMulticolor": false,
        "isMulticolor2": false,
        "grid": 0,
        "tags": [
          "arrow-right"
        ]
      },
      "attrs": [
        {}
      ],
      "properties": {
        "order": 88,
        "id": 11,
        "name": "arrow-right",
        "prevSize": 16,
        "code": 59690
      },
      "setIdx": 0,
      "setId": 7,
      "iconIdx": 2
    },
    {
      "icon": {
        "paths": [
          "M1024 695.36l-512-512-512 512 145.248 145.248 366.752-366.72 366.72 366.752 145.28-145.28zM1024 695.36z"
        ],
        "attrs": [
          {}
        ],
        "isMulticolor": false,
        "isMulticolor2": false,
        "grid": 0,
        "tags": [
          "arrow-top"
        ]
      },
      "attrs": [
        {}
      ],
      "properties": {
        "order": 87,
        "id": 10,
        "name": "arrow-top",
        "prevSize": 16,
        "code": 59691
      },
      "setIdx": 0,
      "setId": 7,
      "iconIdx": 3
    },
    {
      "icon": {
        "paths": [
          "M0 37.344h1024v160.672h-1024v-160.672z",
          "M0 821.024h1024v160.672h-1024v-160.672z",
          "M0 431.648h1024v160.736h-1024v-160.736z"
        ],
        "attrs": [
          {},
          {},
          {}
        ],
        "isMulticolor": false,
        "isMulticolor2": false,
        "grid": 0,
        "tags": [
          "hamburger"
        ]
      },
      "attrs": [
        {},
        {},
        {}
      ],
      "properties": {
        "order": 92,
        "id": 7,
        "name": "hamburger",
        "prevSize": 16,
        "code": 59694
      },
      "setIdx": 0,
      "setId": 7,
      "iconIdx": 6
    },
    {
      "icon": {
        "paths": [
          "M921.6 0h-819.2c-56.32 0-101.888 46.080-101.888 102.304l-0.512 921.696 204.832-204.832h716.768c56.32 0 102.4-46.048 102.4-102.304v-614.56c0-56.224-46.048-102.304-102.4-102.304zM358.4 460.832h-102.4v-102.528h102.4v102.528zM563.168 460.832h-102.304v-102.528h102.304v102.528zM768 460.832h-102.4v-102.528h102.4v102.528z"
        ],
        "attrs": [
          {}
        ],
        "isMulticolor": false,
        "isMulticolor2": false,
        "grid": 0,
        "tags": [
          "message"
        ]
      },
      "attrs": [
        {}
      ],
      "properties": {
        "order": 94,
        "id": 5,
        "name": "message",
        "prevSize": 16,
        "code": 59696
      },
      "setIdx": 0,
      "setId": 7,
      "iconIdx": 8
    },
    {
      "icon": {
        "paths": [
          "M0 39.808v944.384h1024v-944.384h-1024zM50.688 86.56h754.624v129.696h-754.624v-129.696zM973.312 937.44h-922.624v-587.872h922.624v587.872zM973.312 216.256h-109.312v-129.696h109.312v129.696z",
          "M113.312 408.224h304v464h-304v-464z",
          "M475.968 408.224h434.72v202.624h-434.72v-202.624z",
          "M475.968 669.632h434.72v202.624h-434.72v-202.624z"
        ],
        "attrs": [
          {},
          {},
          {},
          {}
        ],
        "isMulticolor": false,
        "isMulticolor2": false,
        "grid": 0,
        "tags": [
          "page"
        ]
      },
      "attrs": [
        {},
        {},
        {},
        {}
      ],
      "properties": {
        "order": 95,
        "id": 4,
        "name": "page",
        "prevSize": 16,
        "code": 59697
      },
      "setIdx": 0,
      "setId": 7,
      "iconIdx": 9
    },
    {
      "icon": {
        "paths": [
          "M1024.448 570.176v341.536c0-180.064-145.984-326.016-326.016-326.016h-349.152v201.856l-349.28-349.408 349.28-349.152v155.168h349.152c180.032 0 326.016 146.112 326.016 326.016v0zM1024.448 570.176z"
        ],
        "attrs": [
          {}
        ],
        "isMulticolor": false,
        "isMulticolor2": false,
        "grid": 0,
        "tags": [
          "respond"
        ]
      },
      "attrs": [
        {}
      ],
      "properties": {
        "order": 96,
        "id": 3,
        "name": "respond",
        "prevSize": 16,
        "code": 59698
      },
      "setIdx": 0,
      "setId": 7,
      "iconIdx": 10
    },
    {
      "icon": {
        "paths": [
          "M995.808 874.88l-221.76-221.792c-1.184-1.152-2.56-2.016-3.776-3.072 43.616-66.208 69.088-145.44 69.088-230.656 0-231.776-187.904-419.68-419.68-419.68s-419.68 187.904-419.68 419.68 187.904 419.68 419.68 419.68c85.184 0 164.448-25.44 230.624-69.088 1.088 1.248 1.92 2.624 3.104 3.776l221.792 221.792c33.312 33.312 87.328 33.312 120.64 0s33.28-87.328-0.032-120.64v0zM419.68 693.568c-151.424 0-274.176-122.752-274.176-274.176s122.752-274.208 274.176-274.208 274.176 122.752 274.176 274.208-122.72 274.176-274.176 274.176v0zM419.68 693.568z"
        ],
        "attrs": [
          {}
        ],
        "isMulticolor": false,
        "isMulticolor2": false,
        "grid": 0,
        "tags": [
          "search"
        ]
      },
      "attrs": [
        {}
      ],
      "properties": {
        "order": 97,
        "id": 2,
        "name": "search",
        "prevSize": 16,
        "code": 59699
      },
      "setIdx": 0,
      "setId": 7,
      "iconIdx": 11
    },
    {
      "icon": {
        "paths": [
          "M896 256v-128h-896v704c0 35.346 28.654 64 64 64h864c53.022 0 96-42.978 96-96v-544h-128zM832 832h-768v-640h768v640zM128 320h640v64h-640zM512 448h256v64h-256zM512 576h256v64h-256zM512 704h192v64h-192zM128 448h320v320h-320z"
        ],
        "attrs": [],
        "isMulticolor": false,
        "isMulticolor2": false,
        "tags": [
          "newspaper",
          "news",
          "paper"
        ],
        "grid": 16
      },
      "attrs": [],
      "properties": {
        "order": 45,
        "prevSize": 16,
        "ligatures": "newspaper, news",
        "name": "newspaper",
        "id": 0,
        "code": 59648
      },
      "setIdx": 1,
      "setId": 6,
      "iconIdx": 0
    },
    {
      "icon": {
        "paths": [
          "M959.884 128c0.040 0.034 0.082 0.076 0.116 0.116v767.77c-0.034 0.040-0.076 0.082-0.116 0.116h-895.77c-0.040-0.034-0.082-0.076-0.114-0.116v-767.772c0.034-0.040 0.076-0.082 0.114-0.114h895.77zM960 64h-896c-35.2 0-64 28.8-64 64v768c0 35.2 28.8 64 64 64h896c35.2 0 64-28.8 64-64v-768c0-35.2-28.8-64-64-64v0z",
          "M832 288c0 53.020-42.98 96-96 96s-96-42.98-96-96 42.98-96 96-96 96 42.98 96 96z",
          "M896 832h-768v-128l224-384 256 320h64l224-192z"
        ],
        "attrs": [],
        "isMulticolor": false,
        "isMulticolor2": false,
        "tags": [
          "image",
          "picture",
          "photo",
          "graphic"
        ],
        "grid": 16
      },
      "attrs": [],
      "properties": {
        "order": 82,
        "prevSize": 16,
        "ligatures": "image, picture",
        "name": "image",
        "id": 1,
        "code": 59649
      },
      "setIdx": 1,
      "setId": 6,
      "iconIdx": 1
    },
    {
      "icon": {
        "paths": [
          "M1024 429.256c0-200.926-58.792-363.938-131.482-365.226 0.292-0.006 0.578-0.030 0.872-0.030h-82.942c0 0-194.8 146.336-475.23 203.754-8.56 45.292-14.030 99.274-14.030 161.502s5.466 116.208 14.030 161.5c280.428 57.418 475.23 203.756 475.23 203.756h82.942c-0.292 0-0.578-0.024-0.872-0.032 72.696-1.288 131.482-164.298 131.482-365.224zM864.824 739.252c-9.382 0-19.532-9.742-24.746-15.548-12.63-14.064-24.792-35.96-35.188-63.328-23.256-61.232-36.066-143.31-36.066-231.124 0-87.81 12.81-169.89 36.066-231.122 10.394-27.368 22.562-49.266 35.188-63.328 5.214-5.812 15.364-15.552 24.746-15.552 9.38 0 19.536 9.744 24.744 15.552 12.634 14.064 24.796 35.958 35.188 63.328 23.258 61.23 36.068 143.312 36.068 231.122 0 87.804-12.81 169.888-36.068 231.124-10.39 27.368-22.562 49.264-35.188 63.328-5.208 5.806-15.36 15.548-24.744 15.548zM251.812 429.256c0-51.95 3.81-102.43 11.052-149.094-47.372 6.554-88.942 10.324-140.34 10.324-67.058 0-67.058 0-67.058 0l-55.466 94.686v88.17l55.46 94.686c0 0 0 0 67.060 0 51.398 0 92.968 3.774 140.34 10.324-7.236-46.664-11.048-97.146-11.048-149.096zM368.15 642.172l-127.998-24.51 81.842 321.544c4.236 16.634 20.744 25.038 36.686 18.654l118.556-47.452c15.944-6.376 22.328-23.964 14.196-39.084l-123.282-229.152zM864.824 548.73c-3.618 0-7.528-3.754-9.538-5.992-4.87-5.42-9.556-13.86-13.562-24.408-8.962-23.6-13.9-55.234-13.9-89.078s4.938-65.478 13.9-89.078c4.006-10.548 8.696-18.988 13.562-24.408 2.010-2.24 5.92-5.994 9.538-5.994 3.616 0 7.53 3.756 9.538 5.994 4.87 5.42 9.556 13.858 13.56 24.408 8.964 23.598 13.902 55.234 13.902 89.078 0 33.842-4.938 65.478-13.902 89.078-4.004 10.548-8.696 18.988-13.56 24.408-2.008 2.238-5.92 5.992-9.538 5.992z"
        ],
        "attrs": [],
        "isMulticolor": false,
        "isMulticolor2": false,
        "tags": [
          "bullhorn",
          "megaphone",
          "announcement",
          "advertisement",
          "news"
        ],
        "grid": 16
      },
      "attrs": [],
      "properties": {
        "order": 46,
        "prevSize": 16,
        "ligatures": "bullhorn, megaphone",
        "name": "bullhorn",
        "id": 2,
        "code": 59650
      },
      "setIdx": 1,
      "setId": 6,
      "iconIdx": 2
    },
    {
      "icon": {
        "paths": [
          "M480 704c88.366 0 160-71.634 160-160v-384c0-88.366-71.634-160-160-160s-160 71.634-160 160v384c0 88.366 71.636 160 160 160zM704 448v96c0 123.71-100.29 224-224 224-123.712 0-224-100.29-224-224v-96h-64v96c0 148.238 112.004 270.3 256 286.22v129.78h-128v64h320v-64h-128v-129.78c143.994-15.92 256-137.982 256-286.22v-96h-64z"
        ],
        "attrs": [],
        "isMulticolor": false,
        "isMulticolor2": false,
        "tags": [
          "mic",
          "microphone",
          "voice",
          "audio"
        ],
        "grid": 16
      },
      "attrs": [],
      "properties": {
        "order": 51,
        "prevSize": 16,
        "ligatures": "mic, microphone",
        "name": "mic",
        "id": 3,
        "code": 59652
      },
      "setIdx": 1,
      "setId": 6,
      "iconIdx": 3
    },
    {
      "icon": {
        "paths": [
          "M917.806 229.076c-22.212-30.292-53.174-65.7-87.178-99.704s-69.412-64.964-99.704-87.178c-51.574-37.82-76.592-42.194-90.924-42.194h-496c-44.112 0-80 35.888-80 80v864c0 44.112 35.888 80 80 80h736c44.112 0 80-35.888 80-80v-624c0-14.332-4.372-39.35-42.194-90.924zM785.374 174.626c30.7 30.7 54.8 58.398 72.58 81.374h-153.954v-153.946c22.984 17.78 50.678 41.878 81.374 72.572zM896 944c0 8.672-7.328 16-16 16h-736c-8.672 0-16-7.328-16-16v-864c0-8.672 7.328-16 16-16 0 0 495.956-0.002 496 0v224c0 17.672 14.326 32 32 32h224v624z",
          "M736 832h-448c-17.672 0-32-14.326-32-32s14.328-32 32-32h448c17.674 0 32 14.326 32 32s-14.326 32-32 32z",
          "M736 704h-448c-17.672 0-32-14.326-32-32s14.328-32 32-32h448c17.674 0 32 14.326 32 32s-14.326 32-32 32z",
          "M736 576h-448c-17.672 0-32-14.326-32-32s14.328-32 32-32h448c17.674 0 32 14.326 32 32s-14.326 32-32 32z"
        ],
        "attrs": [],
        "isMulticolor": false,
        "isMulticolor2": false,
        "tags": [
          "file-text",
          "file",
          "document",
          "list",
          "paper",
          "page"
        ],
        "grid": 16
      },
      "attrs": [],
      "properties": {
        "order": 50,
        "prevSize": 16,
        "ligatures": "file-text2, file4",
        "name": "file-text2",
        "id": 4,
        "code": 59655
      },
      "setIdx": 1,
      "setId": 6,
      "iconIdx": 4
    },
    {
      "icon": {
        "paths": [
          "M0 128h128v640h-128zM192 128h64v640h-64zM320 128h64v640h-64zM512 128h64v640h-64zM768 128h64v640h-64zM960 128h64v640h-64zM640 128h32v640h-32zM448 128h32v640h-32zM864 128h32v640h-32zM0 832h64v64h-64zM192 832h64v64h-64zM320 832h64v64h-64zM640 832h64v64h-64zM960 832h64v64h-64zM768 832h128v64h-128zM448 832h128v64h-128z"
        ],
        "attrs": [],
        "isMulticolor": false,
        "isMulticolor2": false,
        "tags": [
          "barcode"
        ],
        "grid": 16
      },
      "attrs": [],
      "properties": {
        "order": 48,
        "prevSize": 16,
        "ligatures": "barcode",
        "name": "barcode",
        "id": 5,
        "code": 59658
      },
      "setIdx": 1,
      "setId": 6,
      "iconIdx": 5
    },
    {
      "icon": {
        "paths": [
          "M384 928c0 53.019-42.981 96-96 96s-96-42.981-96-96c0-53.019 42.981-96 96-96s96 42.981 96 96z",
          "M1024 928c0 53.019-42.981 96-96 96s-96-42.981-96-96c0-53.019 42.981-96 96-96s96 42.981 96 96z",
          "M1024 512v-384h-768c0-35.346-28.654-64-64-64h-192v64h128l48.074 412.054c-29.294 23.458-48.074 59.5-48.074 99.946 0 70.696 57.308 128 128 128h768v-64h-768c-35.346 0-64-28.654-64-64 0-0.218 0.014-0.436 0.016-0.656l831.984-127.344z"
        ],
        "attrs": [],
        "isMulticolor": false,
        "isMulticolor2": false,
        "tags": [
          "cart",
          "purchase",
          "ecommerce",
          "shopping"
        ],
        "grid": 16
      },
      "attrs": [],
      "properties": {
        "order": 47,
        "prevSize": 16,
        "ligatures": "cart, purchase",
        "name": "cart",
        "id": 6,
        "code": 59660
      },
      "setIdx": 1,
      "setId": 6,
      "iconIdx": 6
    },
    {
      "icon": {
        "paths": [
          "M928 128h-832c-52.8 0-96 43.2-96 96v576c0 52.8 43.2 96 96 96h832c52.8 0 96-43.2 96-96v-576c0-52.8-43.2-96-96-96zM96 192h832c17.346 0 32 14.654 32 32v96h-896v-96c0-17.346 14.654-32 32-32zM928 832h-832c-17.346 0-32-14.654-32-32v-288h896v288c0 17.346-14.654 32-32 32zM128 640h64v128h-64zM256 640h64v128h-64zM384 640h64v128h-64z"
        ],
        "attrs": [],
        "isMulticolor": false,
        "isMulticolor2": false,
        "tags": [
          "credit-card",
          "money",
          "payment",
          "ecommerce"
        ],
        "grid": 16
      },
      "attrs": [],
      "properties": {
        "order": 49,
        "prevSize": 16,
        "ligatures": "credit-card, money5",
        "name": "credit-card",
        "id": 7,
        "code": 59661
      },
      "setIdx": 1,
      "setId": 6,
      "iconIdx": 7
    },
    {
      "icon": {
        "paths": [
          "M704 640c-64 64-64 128-128 128s-128-64-192-128-128-128-128-192 64-64 128-128-128-256-192-256-192 192-192 192c0 128 131.5 387.5 256 512s384 256 512 256c0 0 192-128 192-192s-192-256-256-192z"
        ],
        "attrs": [],
        "isMulticolor": false,
        "isMulticolor2": false,
        "tags": [
          "phone",
          "telephone",
          "contact",
          "support",
          "call"
        ],
        "grid": 16
      },
      "attrs": [],
      "properties": {
        "order": 52,
        "prevSize": 16,
        "ligatures": "phone, telephone",
        "name": "phone",
        "id": 8,
        "code": 59662
      },
      "setIdx": 1,
      "setId": 6,
      "iconIdx": 8
    },
    {
      "icon": {
        "paths": [
          "M512 0c-176.732 0-320 143.268-320 320 0 320 320 704 320 704s320-384 320-704c0-176.732-143.27-320-320-320zM512 512c-106.040 0-192-85.96-192-192s85.96-192 192-192 192 85.96 192 192-85.96 192-192 192z"
        ],
        "attrs": [],
        "isMulticolor": false,
        "isMulticolor2": false,
        "tags": [
          "location",
          "map-marker",
          "pin"
        ],
        "grid": 16
      },
      "attrs": [],
      "properties": {
        "order": 53,
        "prevSize": 16,
        "ligatures": "location, map-marker",
        "name": "location",
        "id": 9,
        "code": 59663
      },
      "setIdx": 1,
      "setId": 6,
      "iconIdx": 9
    },
    {
      "icon": {
        "paths": [
          "M658.744 749.256l-210.744-210.746v-282.51h128v229.49l173.256 173.254zM512 0c-282.77 0-512 229.23-512 512s229.23 512 512 512 512-229.23 512-512-229.23-512-512-512zM512 896c-212.078 0-384-171.922-384-384s171.922-384 384-384c212.078 0 384 171.922 384 384s-171.922 384-384 384z"
        ],
        "attrs": [],
        "isMulticolor": false,
        "isMulticolor2": false,
        "tags": [
          "clock",
          "time",
          "schedule"
        ],
        "grid": 16
      },
      "attrs": [],
      "properties": {
        "order": 54,
        "prevSize": 16,
        "ligatures": "clock, time2",
        "name": "clock",
        "id": 10,
        "code": 59664
      },
      "setIdx": 1,
      "setId": 6,
      "iconIdx": 10
    },
    {
      "icon": {
        "paths": [
          "M1025.5 800c0-288-256-224-256-448 0-18.56-1.788-34.42-5.048-47.928-16.83-113.018-92.156-203.72-189.772-231.36 0.866-3.948 1.32-8.032 1.32-12.21 0-33.278-28.8-60.502-64-60.502s-64 27.224-64 60.5c0 4.18 0.456 8.264 1.32 12.21-109.47 30.998-190.914 141.298-193.254 273.442-0.040 1.92-0.066 3.864-0.066 5.846 0 224.002-256 160.002-256 448.002 0 76.226 170.59 139.996 398.97 156.080 21.524 40.404 64.056 67.92 113.030 67.92s91.508-27.516 113.030-67.92c228.38-16.084 398.97-79.854 398.97-156.080 0-0.228-0.026-0.456-0.028-0.682l1.528 0.682zM826.246 854.096c-54.23 14.47-118.158 24.876-186.768 30.648-5.704-65.418-60.582-116.744-127.478-116.744s-121.774 51.326-127.478 116.744c-68.608-5.772-132.538-16.178-186.768-30.648-74.63-19.914-110.31-42.19-123.368-54.096 13.058-11.906 48.738-34.182 123.368-54.096 86.772-23.152 198.372-35.904 314.246-35.904s227.474 12.752 314.246 35.904c74.63 19.914 110.31 42.19 123.368 54.096-13.058 11.906-48.738 34.182-123.368 54.096z"
        ],
        "attrs": [],
        "isMulticolor": false,
        "isMulticolor2": false,
        "tags": [
          "bell",
          "alarm",
          "notification"
        ],
        "grid": 16
      },
      "attrs": [],
      "properties": {
        "order": 55,
        "prevSize": 16,
        "ligatures": "bell, alarm2",
        "name": "bell",
        "id": 11,
        "code": 59665
      },
      "setIdx": 1,
      "setId": 6,
      "iconIdx": 11
    },
    {
      "icon": {
        "paths": [
          "M320 384h128v128h-128zM512 384h128v128h-128zM704 384h128v128h-128zM128 768h128v128h-128zM320 768h128v128h-128zM512 768h128v128h-128zM320 576h128v128h-128zM512 576h128v128h-128zM704 576h128v128h-128zM128 576h128v128h-128zM832 0v64h-128v-64h-448v64h-128v-64h-128v1024h960v-1024h-128zM896 960h-832v-704h832v704z"
        ],
        "attrs": [],
        "isMulticolor": false,
        "isMulticolor2": false,
        "tags": [
          "calendar",
          "date",
          "schedule",
          "time",
          "day"
        ],
        "grid": 16
      },
      "attrs": [],
      "properties": {
        "order": 83,
        "prevSize": 16,
        "ligatures": "calendar, date",
        "name": "calendar",
        "id": 12,
        "code": 59666
      },
      "setIdx": 1,
      "setId": 6,
      "iconIdx": 12
    },
    {
      "icon": {
        "paths": [
          "M512 64c282.77 0 512 186.25 512 416 0 229.752-229.23 416-512 416-27.156 0-53.81-1.734-79.824-5.044-109.978 109.978-241.25 129.7-368.176 132.596v-26.916c68.536-33.578 128-94.74 128-164.636 0-9.754-0.758-19.33-2.164-28.696-115.796-76.264-189.836-192.754-189.836-323.304 0-229.75 229.23-416 512-416z"
        ],
        "attrs": [],
        "isMulticolor": false,
        "isMulticolor2": false,
        "tags": [
          "bubble",
          "comment",
          "chat",
          "talk"
        ],
        "grid": 16
      },
      "attrs": [],
      "properties": {
        "order": 56,
        "prevSize": 16,
        "ligatures": "bubble, comment",
        "name": "bubble",
        "id": 13,
        "code": 59667
      },
      "setIdx": 1,
      "setId": 6,
      "iconIdx": 13
    },
    {
      "icon": {
        "paths": [
          "M576 706.612v-52.78c70.498-39.728 128-138.772 128-237.832 0-159.058 0-288-192-288s-192 128.942-192 288c0 99.060 57.502 198.104 128 237.832v52.78c-217.102 17.748-384 124.42-384 253.388h896c0-128.968-166.898-235.64-384-253.388z"
        ],
        "attrs": [],
        "isMulticolor": false,
        "isMulticolor2": false,
        "tags": [
          "user",
          "profile",
          "avatar",
          "person",
          "member"
        ],
        "grid": 16
      },
      "attrs": [],
      "properties": {
        "order": 59,
        "prevSize": 16,
        "ligatures": "user, profile2",
        "name": "user",
        "id": 14,
        "code": 59668
      },
      "setIdx": 1,
      "setId": 6,
      "iconIdx": 14
    },
    {
      "icon": {
        "paths": [
          "M225 448c123.712 0 224 100.29 224 224 0 123.712-100.288 224-224 224s-224-100.288-224-224l-1-32c0-247.424 200.576-448 448-448v128c-85.474 0-165.834 33.286-226.274 93.726-11.634 11.636-22.252 24.016-31.83 37.020 11.438-1.8 23.16-2.746 35.104-2.746zM801 448c123.71 0 224 100.29 224 224 0 123.712-100.29 224-224 224s-224-100.288-224-224l-1-32c0-247.424 200.576-448 448-448v128c-85.474 0-165.834 33.286-226.274 93.726-11.636 11.636-22.254 24.016-31.832 37.020 11.44-1.8 23.16-2.746 35.106-2.746z"
        ],
        "attrs": [],
        "isMulticolor": false,
        "isMulticolor2": false,
        "tags": [
          "quotes-left",
          "ldquo"
        ],
        "grid": 16
      },
      "attrs": [],
      "properties": {
        "order": 57,
        "prevSize": 16,
        "ligatures": "quotes-left, ldquo",
        "name": "quotes-left",
        "id": 15,
        "code": 59669
      },
      "setIdx": 1,
      "setId": 6,
      "iconIdx": 15
    },
    {
      "icon": {
        "paths": [
          "M800 640c-123.712 0-224-100.29-224-224 0-123.712 100.288-224 224-224s224 100.288 224 224l1 32c0 247.424-200.576 448-448 448v-128c85.474 0 165.834-33.286 226.274-93.726 11.634-11.636 22.252-24.016 31.83-37.020-11.438 1.8-23.16 2.746-35.104 2.746zM224 640c-123.71 0-224-100.29-224-224 0-123.712 100.29-224 224-224s224 100.288 224 224l1 32c0 247.424-200.576 448-448 448v-128c85.474 0 165.834-33.286 226.274-93.726 11.636-11.636 22.254-24.016 31.832-37.020-11.44 1.8-23.16 2.746-35.106 2.746z"
        ],
        "attrs": [],
        "isMulticolor": false,
        "isMulticolor2": false,
        "tags": [
          "quotes-right",
          "rdquo"
        ],
        "grid": 16
      },
      "attrs": [],
      "properties": {
        "order": 58,
        "prevSize": 16,
        "ligatures": "quotes-right, rdquo",
        "name": "quotes-right",
        "id": 16,
        "code": 59670
      },
      "setIdx": 1,
      "setId": 6,
      "iconIdx": 16
    },
    {
      "icon": {
        "paths": [
          "M592 448h-16v-192c0-105.87-86.13-192-192-192h-128c-105.87 0-192 86.13-192 192v192h-16c-26.4 0-48 21.6-48 48v480c0 26.4 21.6 48 48 48h544c26.4 0 48-21.6 48-48v-480c0-26.4-21.6-48-48-48zM192 256c0-35.29 28.71-64 64-64h128c35.29 0 64 28.71 64 64v192h-256v-192z"
        ],
        "attrs": [],
        "isMulticolor": false,
        "isMulticolor2": false,
        "tags": [
          "lock",
          "secure",
          "private",
          "encrypted"
        ],
        "grid": 16
      },
      "attrs": [],
      "properties": {
        "order": 61,
        "prevSize": 16,
        "ligatures": "lock, secure",
        "name": "lock",
        "id": 18,
        "code": 59672
      },
      "setIdx": 1,
      "setId": 6,
      "iconIdx": 18
    },
    {
      "icon": {
        "paths": [
          "M933.79 610.25c-53.726-93.054-21.416-212.304 72.152-266.488l-100.626-174.292c-28.75 16.854-62.176 26.518-97.846 26.518-107.536 0-194.708-87.746-194.708-195.99h-201.258c0.266 33.41-8.074 67.282-25.958 98.252-53.724 93.056-173.156 124.702-266.862 70.758l-100.624 174.292c28.97 16.472 54.050 40.588 71.886 71.478 53.638 92.908 21.512 211.92-71.708 266.224l100.626 174.292c28.65-16.696 61.916-26.254 97.4-26.254 107.196 0 194.144 87.192 194.7 194.958h201.254c-0.086-33.074 8.272-66.57 25.966-97.218 53.636-92.906 172.776-124.594 266.414-71.012l100.626-174.29c-28.78-16.466-53.692-40.498-71.434-71.228zM512 719.332c-114.508 0-207.336-92.824-207.336-207.334 0-114.508 92.826-207.334 207.336-207.334 114.508 0 207.332 92.826 207.332 207.334-0.002 114.51-92.824 207.334-207.332 207.334z"
        ],
        "attrs": [],
        "isMulticolor": false,
        "isMulticolor2": false,
        "tags": [
          "cog",
          "gear",
          "preferences",
          "settings",
          "generate",
          "control",
          "options"
        ],
        "grid": 16
      },
      "attrs": [],
      "properties": {
        "order": 62,
        "prevSize": 16,
        "ligatures": "cog, gear",
        "name": "cog",
        "id": 19,
        "code": 59673
      },
      "setIdx": 1,
      "setId": 6,
      "iconIdx": 19
    },
    {
      "icon": {
        "paths": [
          "M1024 576v-64h-193.29c-5.862-72.686-31.786-139.026-71.67-192.25h161.944l70.060-280.24-62.090-15.522-57.94 231.76h-174.68c-0.892-0.694-1.796-1.374-2.698-2.056 6.71-19.502 10.362-40.422 10.362-62.194 0.002-105.76-85.958-191.498-191.998-191.498s-192 85.738-192 191.5c0 21.772 3.65 42.692 10.362 62.194-0.9 0.684-1.804 1.362-2.698 2.056h-174.68l-57.94-231.76-62.090 15.522 70.060 280.24h161.944c-39.884 53.222-65.806 119.562-71.668 192.248h-193.29v64h193.37c3.802 45.664 15.508 88.812 33.638 127.75h-123.992l-70.060 280.238 62.090 15.524 57.94-231.762h112.354c58.692 78.032 147.396 127.75 246.66 127.75s187.966-49.718 246.662-127.75h112.354l57.94 231.762 62.090-15.524-70.060-280.238h-123.992c18.13-38.938 29.836-82.086 33.636-127.75h193.37z"
        ],
        "attrs": [],
        "isMulticolor": false,
        "isMulticolor2": false,
        "tags": [
          "bug",
          "virus",
          "error"
        ],
        "grid": 16
      },
      "attrs": [],
      "properties": {
        "order": 63,
        "prevSize": 16,
        "ligatures": "bug, virus",
        "name": "bug",
        "id": 20,
        "code": 59674
      },
      "setIdx": 1,
      "setId": 6,
      "iconIdx": 20
    },
    {
      "icon": {
        "paths": [
          "M771.516 320c18.126-12.88 35.512-27.216 51.444-43.148 33.402-33.402 55.746-74.5 62.912-115.722 7.858-45.186-3.672-87.14-31.63-115.1-22.3-22.298-52.51-34.086-87.364-34.086-49.632 0-101.922 23.824-143.46 65.362-66.476 66.476-105.226 158.238-126.076 223.722-15.44-65.802-46.206-154.644-106.018-214.458-32.094-32.092-73.114-48.57-111.846-48.57-31.654 0-61.78 11.004-84.26 33.486-49.986 49.988-43.232 137.786 15.086 196.104 20.792 20.792 45.098 38.062 70.72 52.412h-217.024v256h64v448h768v-448.002h64v-256h-188.484zM674.326 128.218c27.724-27.724 62.322-44.274 92.55-44.274 10.7 0 25.708 2.254 36.45 12.998 26.030 26.028 11.412 86.308-31.28 128.998-43.946 43.946-103.060 74.168-154.432 94.060h-50.672c18.568-57.548 52.058-136.456 107.384-191.782zM233.934 160.89c-0.702-9.12-0.050-26.248 12.196-38.494 10.244-10.244 23.788-12.396 33.348-12.396v0c21.258 0 43.468 10.016 60.932 27.48 33.872 33.872 61.766 87.772 80.668 155.876 0.51 1.84 1.008 3.67 1.496 5.486-1.816-0.486-3.646-0.984-5.486-1.496-68.104-18.904-122.002-46.798-155.874-80.67-15.828-15.826-25.77-36.16-27.28-55.786zM448 960h-256v-416h256v416zM448 512h-320v-128h320v128zM832 960h-256v-416h256v416zM896 512h-320v-128h320v128z"
        ],
        "attrs": [],
        "isMulticolor": false,
        "isMulticolor2": false,
        "tags": [
          "gift",
          "present",
          "box"
        ],
        "grid": 16
      },
      "attrs": [],
      "properties": {
        "order": 84,
        "prevSize": 16,
        "ligatures": "gift, present",
        "name": "gift",
        "id": 21,
        "code": 59675
      },
      "setIdx": 1,
      "setId": 6,
      "iconIdx": 21
    },
    {
      "icon": {
        "paths": [
          "M440.236 635.766c-13.31 0-26.616-5.076-36.77-15.23-95.134-95.136-95.134-249.934 0-345.070l192-192c46.088-46.086 107.36-71.466 172.534-71.466s126.448 25.38 172.536 71.464c95.132 95.136 95.132 249.934 0 345.070l-87.766 87.766c-20.308 20.308-53.23 20.308-73.54 0-20.306-20.306-20.306-53.232 0-73.54l87.766-87.766c54.584-54.586 54.584-143.404 0-197.99-26.442-26.442-61.6-41.004-98.996-41.004s-72.552 14.562-98.996 41.006l-192 191.998c-54.586 54.586-54.586 143.406 0 197.992 20.308 20.306 20.306 53.232 0 73.54-10.15 10.152-23.462 15.23-36.768 15.23z",
          "M256 1012c-65.176 0-126.45-25.38-172.534-71.464-95.134-95.136-95.134-249.934 0-345.070l87.764-87.764c20.308-20.306 53.234-20.306 73.54 0 20.308 20.306 20.308 53.232 0 73.54l-87.764 87.764c-54.586 54.586-54.586 143.406 0 197.992 26.44 26.44 61.598 41.002 98.994 41.002s72.552-14.562 98.998-41.006l192-191.998c54.584-54.586 54.584-143.406 0-197.992-20.308-20.308-20.306-53.232 0-73.54 20.306-20.306 53.232-20.306 73.54 0.002 95.132 95.134 95.132 249.932 0.002 345.068l-192.002 192c-46.090 46.088-107.364 71.466-172.538 71.466z"
        ],
        "attrs": [],
        "isMulticolor": false,
        "isMulticolor2": false,
        "tags": [
          "link",
          "chain",
          "url",
          "uri",
          "anchor"
        ],
        "grid": 16
      },
      "attrs": [],
      "properties": {
        "order": 64,
        "prevSize": 16,
        "ligatures": "link, chain",
        "name": "link",
        "id": 22,
        "code": 59676
      },
      "setIdx": 1,
      "setId": 6,
      "iconIdx": 22
    },
    {
      "icon": {
        "paths": [
          "M665.832 327.048l-64.952-64.922-324.81 324.742c-53.814 53.792-53.814 141.048 0 194.844 53.804 53.792 141.060 53.792 194.874 0l389.772-389.708c89.714-89.662 89.714-235.062 0-324.726-89.666-89.704-235.112-89.704-324.782 0l-409.23 409.178c-0.29 0.304-0.612 0.576-0.876 0.846-125.102 125.096-125.102 327.856 0 452.906 125.054 125.056 327.868 125.056 452.988 0 0.274-0.274 0.516-0.568 0.82-0.876l0.032 0.034 279.332-279.292-64.986-64.92-279.33 279.262c-0.296 0.268-0.564 0.57-0.846 0.844-89.074 89.058-233.98 89.058-323.076 0-89.062-89.042-89.062-233.922 0-322.978 0.304-0.304 0.604-0.582 0.888-0.846l-0.046-0.060 409.28-409.166c53.712-53.738 141.144-53.738 194.886 0 53.712 53.734 53.712 141.148 0 194.84l-389.772 389.7c-17.936 17.922-47.054 17.922-64.972 0-17.894-17.886-17.894-47.032 0-64.92l324.806-324.782z"
        ],
        "attrs": [],
        "isMulticolor": false,
        "isMulticolor2": false,
        "tags": [
          "attachment",
          "paperclip"
        ],
        "grid": 16
      },
      "attrs": [],
      "properties": {
        "order": 65,
        "prevSize": 16,
        "ligatures": "attachment, paperclip",
        "name": "attachment",
        "id": 23,
        "code": 59677
      },
      "setIdx": 1,
      "setId": 6,
      "iconIdx": 23
    },
    {
      "icon": {
        "paths": [
          "M512 192c-223.318 0-416.882 130.042-512 320 95.118 189.958 288.682 320 512 320 223.312 0 416.876-130.042 512-320-95.116-189.958-288.688-320-512-320zM764.45 361.704c60.162 38.374 111.142 89.774 149.434 150.296-38.292 60.522-89.274 111.922-149.436 150.296-75.594 48.218-162.89 73.704-252.448 73.704-89.56 0-176.858-25.486-252.452-73.704-60.158-38.372-111.138-89.772-149.432-150.296 38.292-60.524 89.274-111.924 149.434-150.296 3.918-2.5 7.876-4.922 11.86-7.3-9.96 27.328-15.41 56.822-15.41 87.596 0 141.382 114.616 256 256 256 141.382 0 256-114.618 256-256 0-30.774-5.452-60.268-15.408-87.598 3.978 2.378 7.938 4.802 11.858 7.302v0zM512 416c0 53.020-42.98 96-96 96s-96-42.98-96-96 42.98-96 96-96 96 42.982 96 96z"
        ],
        "attrs": [],
        "isMulticolor": false,
        "isMulticolor2": false,
        "tags": [
          "eye",
          "views",
          "vision",
          "visit"
        ],
        "grid": 16
      },
      "attrs": [],
      "properties": {
        "order": 66,
        "prevSize": 16,
        "ligatures": "eye, views",
        "name": "eye",
        "id": 24,
        "code": 59678
      },
      "setIdx": 1,
      "setId": 6,
      "iconIdx": 24
    },
    {
      "icon": {
        "paths": [
          "M945.942 14.058c-18.746-18.744-49.136-18.744-67.882 0l-202.164 202.164c-51.938-15.754-106.948-24.222-163.896-24.222-223.318 0-416.882 130.042-512 320 41.122 82.124 100.648 153.040 173.022 207.096l-158.962 158.962c-18.746 18.746-18.746 49.136 0 67.882 9.372 9.374 21.656 14.060 33.94 14.060s24.568-4.686 33.942-14.058l864-864c18.744-18.746 18.744-49.138 0-67.884zM416 320c42.24 0 78.082 27.294 90.92 65.196l-121.724 121.724c-37.902-12.838-65.196-48.68-65.196-90.92 0-53.020 42.98-96 96-96zM110.116 512c38.292-60.524 89.274-111.924 149.434-150.296 3.918-2.5 7.876-4.922 11.862-7.3-9.962 27.328-15.412 56.822-15.412 87.596 0 54.89 17.286 105.738 46.7 147.418l-60.924 60.924c-52.446-36.842-97.202-83.882-131.66-138.342z",
          "M768 442c0-27.166-4.256-53.334-12.102-77.898l-321.808 321.808c24.568 7.842 50.742 12.090 77.91 12.090 141.382 0 256-114.618 256-256z",
          "M830.026 289.974l-69.362 69.362c1.264 0.786 2.53 1.568 3.786 2.368 60.162 38.374 111.142 89.774 149.434 150.296-38.292 60.522-89.274 111.922-149.436 150.296-75.594 48.218-162.89 73.704-252.448 73.704-38.664 0-76.902-4.76-113.962-14.040l-76.894 76.894c59.718 21.462 123.95 33.146 190.856 33.146 223.31 0 416.876-130.042 512-320-45.022-89.916-112.118-166.396-193.974-222.026z"
        ],
        "attrs": [],
        "isMulticolor": false,
        "isMulticolor2": false,
        "tags": [
          "eye-blocked",
          "views",
          "vision",
          "visit",
          "banned",
          "blocked",
          "forbidden",
          "private"
        ],
        "grid": 16
      },
      "attrs": [],
      "properties": {
        "order": 67,
        "prevSize": 16,
        "ligatures": "eye-blocked, views4",
        "name": "eye-blocked",
        "id": 25,
        "code": 59679
      },
      "setIdx": 1,
      "setId": 6,
      "iconIdx": 25
    },
    {
      "icon": {
        "paths": [
          "M192 0v1024l320-320 320 320v-1024z"
        ],
        "attrs": [],
        "isMulticolor": false,
        "isMulticolor2": false,
        "tags": [
          "bookmark",
          "ribbon"
        ],
        "grid": 16
      },
      "attrs": [],
      "properties": {
        "order": 68,
        "prevSize": 16,
        "ligatures": "bookmark, ribbon",
        "name": "bookmark",
        "id": 26,
        "code": 59680
      },
      "setIdx": 1,
      "setId": 6,
      "iconIdx": 26
    },
    {
      "icon": {
        "paths": [
          "M512 96c-111.118 0-215.584 43.272-294.156 121.844s-121.844 183.038-121.844 294.156c0 111.118 43.272 215.584 121.844 294.156s183.038 121.844 294.156 121.844c111.118 0 215.584-43.272 294.156-121.844s121.844-183.038 121.844-294.156c0-111.118-43.272-215.584-121.844-294.156s-183.038-121.844-294.156-121.844zM512 0v0c282.77 0 512 229.23 512 512s-229.23 512-512 512c-282.77 0-512-229.23-512-512s229.23-512 512-512zM448 704h128v128h-128zM448 192h128v384h-128z"
        ],
        "attrs": [],
        "isMulticolor": false,
        "isMulticolor2": false,
        "tags": [
          "notification",
          "warning",
          "notice",
          "note",
          "exclamation"
        ],
        "grid": 16
      },
      "attrs": [],
      "properties": {
        "order": 73,
        "prevSize": 16,
        "ligatures": "notification, warning2",
        "name": "notification",
        "id": 27,
        "code": 59681
      },
      "setIdx": 1,
      "setId": 6,
      "iconIdx": 27
    },
    {
      "icon": {
        "paths": [
          "M992 384h-352v-352c0-17.672-14.328-32-32-32h-192c-17.672 0-32 14.328-32 32v352h-352c-17.672 0-32 14.328-32 32v192c0 17.672 14.328 32 32 32h352v352c0 17.672 14.328 32 32 32h192c17.672 0 32-14.328 32-32v-352h352c17.672 0 32-14.328 32-32v-192c0-17.672-14.328-32-32-32z"
        ],
        "attrs": [],
        "isMulticolor": false,
        "isMulticolor2": false,
        "tags": [
          "plus",
          "add",
          "sum"
        ],
        "grid": 16
      },
      "attrs": [],
      "properties": {
        "order": 71,
        "prevSize": 16,
        "ligatures": "plus, add",
        "name": "plus",
        "id": 28,
        "code": 59682
      },
      "setIdx": 1,
      "setId": 6,
      "iconIdx": 28
    },
    {
      "icon": {
        "paths": [
          "M0 416v192c0 17.672 14.328 32 32 32h960c17.672 0 32-14.328 32-32v-192c0-17.672-14.328-32-32-32h-960c-17.672 0-32 14.328-32 32z"
        ],
        "attrs": [],
        "isMulticolor": false,
        "isMulticolor2": false,
        "tags": [
          "minus",
          "subtract",
          "minimize",
          "line"
        ],
        "grid": 16
      },
      "attrs": [],
      "properties": {
        "order": 72,
        "prevSize": 16,
        "ligatures": "minus, subtract",
        "name": "minus",
        "id": 29,
        "code": 59683
      },
      "setIdx": 1,
      "setId": 6,
      "iconIdx": 29
    },
    {
      "icon": {
        "paths": [
          "M1014.662 822.66c-0.004-0.004-0.008-0.008-0.012-0.010l-310.644-310.65 310.644-310.65c0.004-0.004 0.008-0.006 0.012-0.010 3.344-3.346 5.762-7.254 7.312-11.416 4.246-11.376 1.824-24.682-7.324-33.83l-146.746-146.746c-9.148-9.146-22.45-11.566-33.828-7.32-4.16 1.55-8.070 3.968-11.418 7.31 0 0.004-0.004 0.006-0.008 0.010l-310.648 310.652-310.648-310.65c-0.004-0.004-0.006-0.006-0.010-0.010-3.346-3.342-7.254-5.76-11.414-7.31-11.38-4.248-24.682-1.826-33.83 7.32l-146.748 146.748c-9.148 9.148-11.568 22.452-7.322 33.828 1.552 4.16 3.97 8.072 7.312 11.416 0.004 0.002 0.006 0.006 0.010 0.010l310.65 310.648-310.65 310.652c-0.002 0.004-0.006 0.006-0.008 0.010-3.342 3.346-5.76 7.254-7.314 11.414-4.248 11.376-1.826 24.682 7.322 33.83l146.748 146.746c9.15 9.148 22.452 11.568 33.83 7.322 4.16-1.552 8.070-3.97 11.416-7.312 0.002-0.004 0.006-0.006 0.010-0.010l310.648-310.65 310.648 310.65c0.004 0.002 0.008 0.006 0.012 0.008 3.348 3.344 7.254 5.762 11.414 7.314 11.378 4.246 24.684 1.826 33.828-7.322l146.746-146.748c9.148-9.148 11.57-22.454 7.324-33.83-1.552-4.16-3.97-8.068-7.314-11.414z"
        ],
        "attrs": [],
        "isMulticolor": false,
        "isMulticolor2": false,
        "tags": [
          "cross",
          "cancel",
          "close",
          "quit",
          "remove"
        ],
        "grid": 16
      },
      "attrs": [],
      "properties": {
        "order": 69,
        "prevSize": 16,
        "ligatures": "cross, cancel",
        "name": "cross",
        "id": 30,
        "code": 59656
      },
      "setIdx": 1,
      "setId": 6,
      "iconIdx": 30
    },
    {
      "icon": {
        "paths": [
          "M864 128l-480 480-224-224-160 160 384 384 640-640z"
        ],
        "attrs": [],
        "isMulticolor": false,
        "isMulticolor2": false,
        "tags": [
          "checkmark",
          "tick",
          "correct",
          "accept",
          "ok"
        ],
        "grid": 16
      },
      "attrs": [],
      "properties": {
        "order": 70,
        "prevSize": 16,
        "ligatures": "checkmark, tick",
        "name": "checkmark",
        "id": 31,
        "code": 59657
      },
      "setIdx": 1,
      "setId": 6,
      "iconIdx": 31
    },
    {
      "icon": {
        "paths": [
          "M325.8 457.4v111.8h184.8c-7.4 48-55.8 140.6-184.8 140.6-111.2 0-202-92.2-202-205.8s90.8-205.8 202-205.8c63.4 0 105.6 27 129.8 50.2l88.4-85.2c-56.8-53-130.4-85.2-218.2-85.2-180.2 0.2-325.8 145.8-325.8 326s145.6 325.8 325.8 325.8c188 0 312.8-132.2 312.8-318.4 0-21.4-2.4-37.8-5.2-54h-307.6z",
          "M1024 448h-96v-96h-96v96h-96v96h96v96h96v-96h96z"
        ],
        "attrs": [],
        "isMulticolor": false,
        "isMulticolor2": false,
        "tags": [
          "google-plus",
          "brand",
          "social"
        ],
        "grid": 16
      },
      "attrs": [],
      "properties": {
        "order": 74,
        "prevSize": 16,
        "ligatures": "google-plus, brand5",
        "name": "google-plus",
        "id": 32,
        "code": 59659
      },
      "setIdx": 1,
      "setId": 6,
      "iconIdx": 32
    },
    {
      "icon": {
        "paths": [
          "M608 192h160v-192h-160c-123.514 0-224 100.486-224 224v96h-128v192h128v512h192v-512h160l32-192h-192v-96c0-17.346 14.654-32 32-32z"
        ],
        "attrs": [],
        "isMulticolor": false,
        "isMulticolor2": false,
        "tags": [
          "facebook",
          "brand",
          "social"
        ],
        "grid": 16
      },
      "attrs": [],
      "properties": {
        "order": 75,
        "prevSize": 16,
        "ligatures": "facebook, brand10",
        "name": "facebook",
        "id": 33,
        "code": 59651
      },
      "setIdx": 1,
      "setId": 6,
      "iconIdx": 33
    },
    {
      "icon": {
        "paths": [
          "M873 148.8c-95.8-96-223.2-148.8-359-148.8-279.6 0-507.2 227.6-507.2 507.4 0 89.4 23.4 176.8 67.8 253.6l-72 263 269-70.6c74.2 40.4 157.6 61.8 242.4 61.8h0.2c0 0 0 0 0 0 279.6 0 507.4-227.6 507.4-507.4 0-135.6-52.8-263-148.6-359zM514.2 929.6v0c-75.8 0-150-20.4-214.8-58.8l-15.4-9.2-159.6 41.8 42.6-155.6-10-16c-42.4-67-64.6-144.6-64.6-224.4 0-232.6 189.2-421.8 422-421.8 112.6 0 218.6 44 298.2 123.6 79.6 79.8 123.4 185.6 123.4 298.4-0.2 232.8-189.4 422-421.8 422zM745.4 613.6c-12.6-6.4-75-37-86.6-41.2s-20-6.4-28.6 6.4c-8.4 12.6-32.8 41.2-40.2 49.8-7.4 8.4-14.8 9.6-27.4 3.2s-53.6-19.8-102-63c-37.6-33.6-63.2-75.2-70.6-87.8s-0.8-19.6 5.6-25.8c5.8-5.6 12.6-14.8 19-22.2s8.4-12.6 12.6-21.2c4.2-8.4 2.2-15.8-1-22.2s-28.6-68.8-39-94.2c-10.2-24.8-20.8-21.4-28.6-21.8-7.4-0.4-15.8-0.4-24.2-0.4s-22.2 3.2-33.8 15.8c-11.6 12.6-44.4 43.4-44.4 105.8s45.4 122.6 51.8 131.2c6.4 8.4 89.4 136.6 216.6 191.4 30.2 13 53.8 20.8 72.2 26.8 30.4 9.6 58 8.2 79.8 5 24.4-3.6 75-30.6 85.6-60.2s10.6-55 7.4-60.2c-3-5.6-11.4-8.8-24.2-15.2z"
        ],
        "attrs": [],
        "isMulticolor": false,
        "isMulticolor2": false,
        "tags": [
          "whatsapp",
          "brand",
          "social"
        ],
        "grid": 16
      },
      "attrs": [],
      "properties": {
        "order": 77,
        "prevSize": 16,
        "name": "whatsapp",
        "ligatures": "whatsapp, brand13",
        "id": 34,
        "code": 59653
      },
      "setIdx": 1,
      "setId": 6,
      "iconIdx": 34
    },
    {
      "icon": {
        "paths": [
          "M1024 226.4c-37.6 16.8-78.2 28-120.6 33 43.4-26 76.6-67.2 92.4-116.2-40.6 24-85.6 41.6-133.4 51-38.4-40.8-93-66.2-153.4-66.2-116 0-210 94-210 210 0 16.4 1.8 32.4 5.4 47.8-174.6-8.8-329.4-92.4-433-219.6-18 31-28.4 67.2-28.4 105.6 0 72.8 37 137.2 93.4 174.8-34.4-1-66.8-10.6-95.2-26.2 0 0.8 0 1.8 0 2.6 0 101.8 72.4 186.8 168.6 206-17.6 4.8-36.2 7.4-55.4 7.4-13.6 0-26.6-1.4-39.6-3.8 26.8 83.4 104.4 144.2 196.2 146-72 56.4-162.4 90-261 90-17 0-33.6-1-50.2-3 93.2 59.8 203.6 94.4 322.2 94.4 386.4 0 597.8-320.2 597.8-597.8 0-9.2-0.2-18.2-0.6-27.2 41-29.4 76.6-66.4 104.8-108.6z"
        ],
        "attrs": [],
        "isMulticolor": false,
        "isMulticolor2": false,
        "tags": [
          "twitter",
          "brand",
          "tweet",
          "social"
        ],
        "grid": 16
      },
      "attrs": [],
      "properties": {
        "order": 76,
        "prevSize": 16,
        "ligatures": "twitter, brand16",
        "name": "twitter",
        "id": 35,
        "code": 59654
      },
      "setIdx": 1,
      "setId": 6,
      "iconIdx": 35
    },
    {
      "icon": {
        "paths": [
          "M1013.8 307.2c0 0-10-70.6-40.8-101.6-39-40.8-82.6-41-102.6-43.4-143.2-10.4-358.2-10.4-358.2-10.4h-0.4c0 0-215 0-358.2 10.4-20 2.4-63.6 2.6-102.6 43.4-30.8 31-40.6 101.6-40.6 101.6s-10.2 82.8-10.2 165.8v77.6c0 82.8 10.2 165.8 10.2 165.8s10 70.6 40.6 101.6c39 40.8 90.2 39.4 113 43.8 82 7.8 348.2 10.2 348.2 10.2s215.2-0.4 358.4-10.6c20-2.4 63.6-2.6 102.6-43.4 30.8-31 40.8-101.6 40.8-101.6s10.2-82.8 10.2-165.8v-77.6c-0.2-82.8-10.4-165.8-10.4-165.8zM406.2 644.8v-287.8l276.6 144.4-276.6 143.4z"
        ],
        "attrs": [],
        "isMulticolor": false,
        "isMulticolor2": false,
        "tags": [
          "youtube",
          "brand",
          "social"
        ],
        "grid": 16
      },
      "attrs": [],
      "properties": {
        "order": 78,
        "prevSize": 16,
        "ligatures": "youtube, brand21",
        "name": "youtube",
        "id": 36,
        "code": 59684
      },
      "setIdx": 1,
      "setId": 6,
      "iconIdx": 36
    },
    {
      "icon": {
        "paths": [
          "M800 416c-70.58 0-128 57.42-128 128s57.42 128 128 128c70.58 0 128-57.42 128-128s-57.42-128-128-128zM800 320v0c123.71 0 224 100.288 224 224 0 123.71-100.29 224-224 224s-224-100.29-224-224c0-123.712 100.29-224 224-224zM0 544c0-123.712 100.288-224 224-224s224 100.288 224 224c0 123.712-100.288 224-224 224s-224-100.288-224-224z"
        ],
        "attrs": [],
        "isMulticolor": false,
        "isMulticolor2": false,
        "tags": [
          "flickr",
          "brand",
          "social"
        ],
        "grid": 16
      },
      "attrs": [],
      "properties": {
        "order": 79,
        "prevSize": 16,
        "ligatures": "flickr2, brand28",
        "name": "flickr",
        "id": 37,
        "code": 59685
      },
      "setIdx": 1,
      "setId": 6,
      "iconIdx": 37
    },
    {
      "icon": {
        "paths": [
          "M384 384h177.106v90.782h2.532c24.64-44.194 84.958-90.782 174.842-90.782 186.946 0 221.52 116.376 221.52 267.734v308.266h-184.61v-273.278c0-65.184-1.334-149.026-96.028-149.026-96.148 0-110.82 70.986-110.82 144.292v278.012h-184.542v-576z",
          "M64 384h192v576h-192v-576z",
          "M256 224c0 53.019-42.981 96-96 96s-96-42.981-96-96c0-53.019 42.981-96 96-96s96 42.981 96 96z"
        ],
        "attrs": [],
        "isMulticolor": false,
        "isMulticolor2": false,
        "tags": [
          "linkedin",
          "brand",
          "social"
        ],
        "grid": 16
      },
      "attrs": [],
      "properties": {
        "order": 80,
        "prevSize": 16,
        "ligatures": "linkedin2, brand65",
        "name": "linkedin",
        "id": 38,
        "code": 59686
      },
      "setIdx": 1,
      "setId": 6,
      "iconIdx": 38
    },
    {
      "icon": {
        "paths": [
          "M512 68.4c-245 0-443.6 198.6-443.6 443.6 0 188 117 348.4 282 413-3.8-35-7.4-89 1.6-127.2 8-34.6 52-220.4 52-220.4s-13.2-26.6-13.2-65.8c0-61.6 35.8-107.8 80.2-107.8 37.8 0 56.2 28.4 56.2 62.4 0 38-24.2 95-36.8 147.6-10.6 44.2 22 80.2 65.6 80.2 78.8 0 139.4-83.2 139.4-203.2 0-106.2-76.4-180.4-185.2-180.4-126.2 0-200.2 94.6-200.2 192.6 0 38.2 14.6 79 33 101.2 3.6 4.4 4.2 8.2 3 12.8-3.4 14-10.8 44.2-12.4 50.4-2 8.2-6.4 9.8-14.8 6-55.4-25.8-90-106.8-90-171.8 0-140 101.6-268.4 293-268.4 153.8 0 273.4 109.6 273.4 256.2 0 152.8-96.4 276-230.2 276-45 0-87.2-23.4-101.6-51 0 0-22.2 84.6-27.6 105.4-10 38.6-37 86.8-55.2 116.2 41.6 12.8 85.6 19.8 131.4 19.8 245 0 443.6-198.6 443.6-443.6 0-245.2-198.6-443.8-443.6-443.8z"
        ],
        "attrs": [],
        "isMulticolor": false,
        "isMulticolor2": false,
        "tags": [
          "pinterest",
          "brand",
          "social"
        ],
        "grid": 16
      },
      "attrs": [],
      "properties": {
        "order": 81,
        "prevSize": 16,
        "name": "pinterest",
        "ligatures": "pinterest, brand72",
        "id": 39,
        "code": 59687
      },
      "setIdx": 1,
      "setId": 6,
      "iconIdx": 39
    }
  ],
  "height": 1024,
  "metadata": {
    "name": "ghost-icomoon"
  },
  "preferences": {
    "showGlyphs": true,
    "showQuickUse": true,
    "showQuickUse2": true,
    "showSVGs": true,
    "fontPref": {
      "prefix": "icon-g-",
      "metadata": {
        "fontFamily": "ghost-icomoon",
        "majorVersion": 1,
        "minorVersion": 0
      },
      "metrics": {
        "emSize": 1024,
        "baseline": 6.25,
        "whitespace": 50
      },
      "showSelector": false,
      "showMetrics": false,
      "showMetadata": false,
      "showVersion": false,
      "embed": false
    },
    "imagePref": {
      "prefix": "icon-",
      "png": true,
      "useClassSelector": true,
      "color": 4473924,
      "bgColor": 16777215,
      "classSelector": ".icon",
      "columns": 16,
      "margin": 16,
      "height": 32,
      "overrideSize": true
    },
    "historySize": 100,
    "showCodes": true,
    "gridSize": 16,
    "showGrid": true
  }
}